caso_id,descricao,esperado_regra,resposta_candidato,resposta_producao_anterior,acertou_candidato,acertou_producao_anterior
B01,Nenhuma ocorrência e nenhum acionamento,"Medio (regra da API, antes do modelo)","Medio (regra da API, antes do modelo)",Baixo,True,False
B02,Uma ocorrência verbal (Moral) de 200 dias atrás,"Baixo (regra da API, antes do modelo)","Baixo (regra da API, antes do modelo)",Baixo,True,False
B03,Uma ocorrência verbal (Moral) hoje,Baixo,Baixo,Baixo,True,True
B04,Cinco ocorrências verbais em 30 dias,Medio,Medio,Medio,True,True
B05,Uma agressão física antiga (400 dias),"Baixo (regra da API, antes do modelo)","Baixo (regra da API, antes do modelo)",Baixo,True,False
B06,Uma ameaça há 40 dias (fora da janela),"Baixo (regra da API, antes do modelo)","Baixo (regra da API, antes do modelo)",Baixo,True,False
B07,Três ameaças em 20 dias (recorrência),Alto,Alto,Alto,True,True
B08,"Só um acionamento válido hoje, sem ocorrências",Medio,Medio,Medio,True,True
B09,"Só um acionamento por engano (10 s), sem ocorrências","Medio (regra da API, antes do modelo)","Medio (regra da API, antes do modelo)",Baixo,True,False
B10,Ocorrência verbal hoje + acionamento válido,Alto,Alto,Alto,True,True
B11,"Agressão física hoje, sem acionamento",Alto,Alto,Alto,True,True
B12,"Cinco acionamentos válidos recentes, sem ocorrências",Medio,Medio,Medio,True,True
B13,Três acionamentos válidos + agressão física há 30 dias (limite da janela),Alto,Alto,Alto,True,True
B14,Três acionamentos por engano + verbal antiga,"Baixo (regra da API, antes do modelo)","Baixo (regra da API, antes do modelo)",Baixo,True,False
B15,Psicológica há 5 dias + acionamento por engano,Baixo,Baixo,Baixo,True,True
B16,"Patrimonial + psicológica, hoje",Medio,Medio,Medio,True,True
B17,Ameaça há 3 dias + física antiga (400 dias),Medio,Medio,Medio,True,True
B18,Física antiga (400 dias) + acionamento válido hoje,Medio,Medio,Medio,True,True
B19,"Ocorrência sexual antiga (250 dias), sem acionamento","Baixo (regra da API, antes do modelo)","Baixo (regra da API, antes do modelo)",Baixo,True,False
B20,Idade fora da faixa (-5) com uma ameaça,recusado (422),recusado (422),Medio,True,False
B21,Só um acionamento válido há 60 dias,"Baixo (regra da API, antes do modelo)","Baixo (regra da API, antes do modelo)",Baixo,True,False
B22,Agressão física há 31 dias (um dia fora da janela),"Baixo (regra da API, antes do modelo)","Baixo (regra da API, antes do modelo)",Baixo,True,False
