caso_id,descricao,esperado_regra,gabarito,previsto_v2,previsto_v1,acertou_v2,acertou_v1
B01,Nenhuma ocorrência e nenhum acionamento,sem histórico (RN07),-,Medio,Baixo,False,False
B02,Uma ocorrência verbal (Moral) de 200 dias atrás,Baixo,Baixo,Baixo,Baixo,True,True
B03,Uma ocorrência verbal (Moral) hoje,Baixo,Baixo,Baixo,Medio,True,False
B04,Cinco ocorrências verbais recorrentes em 30 dias,Médio,Medio,Medio,Alto,True,False
B05,Uma agressão física antiga (400 dias),Alto,Alto,Alto,Alto,True,True
B06,Uma ameaça isolada,Médio,Medio,Medio,Medio,True,True
B07,Três ameaças em 20 dias (recorrência),Alto,Alto,Alto,Alto,True,True
B08,"Só um acionamento válido, sem ocorrências",Médio,Medio,Medio,Alto,True,False
B09,"Só um acionamento por engano (10s), sem ocorrências",sem histórico (RN07),-,Medio,Alto,False,False
B10,Ocorrência verbal recente (hoje) + acionamento válido,Alto,Alto,Alto,Alto,True,True
B11,Agressão física (hoje) sem acionamento,Alto,Alto,Alto,Alto,True,True
B12,"Cinco acionamentos válidos, sem ocorrências",Médio,Medio,Medio,Alto,True,False
B13,Três acionamentos válidos + agressão física,Alto,Alto,Alto,Alto,True,True
B14,Acionamentos só por engano (3x 10s) + verbal antiga,Baixo,Baixo,Baixo,Alto,True,False
B15,Psicológica recente + acionamento por engano,Baixo,Baixo,Baixo,Alto,True,False
B16,"Patrimonial + psicológica (duas leves, hoje)",Médio,Medio,Medio,Medio,True,True
B17,Ameaça + física antiga (400 dias),Alto,Alto,Alto,Alto,True,True
B18,Física antiga (400 dias) + acionamento válido,Alto,Alto,Alto,Alto,True,True
B19,Ocorrência sexual antiga sem acionamento,Alto,Alto,Alto,Alto,True,True
B20,Idade fora da faixa (-5) com uma ameaça,entrada inválida: deveria ser recusada,Medio,Medio,Medio,True,True
